Location,Court,Size,Floor,A_S,Price_per_size
3,28,600,3,1,8267
3,28,600,1,2,7770
3,28,600,1,1,7905
3,28,600,1,1,8327
3,34,400,2,1,5723
3,40,500,1,1,3019
3,40,500,2,1,9393
3,40,600,1,1,9544
29,1,600,2,1,11419
29,1,600,3,1,12601
29,144,500,1,1,9290
29,144,500,1,1,9313
29,144,700,2,1,8313
29,146,600,1,1,11792
1,4,500,3,1,12750
1,4,600,2,1,9984
1,4,600,2,1,11372
1,4,600,3,1,11507
1,87,300,2,1,6689
1,87,400,2,1,8136
1,115,600,1,1,9851
32,94,500,1,1,8364
11,83,500,1,1,10958
2,127,500,2,1,9025
5,109,600,1,1,9838
5,109,600,2,1,11254
5,109,600,2,2,9018
5,109,600,2,1,10836
6,102,500,1,1,8840
6,135,600,1,1,6363
7,30,600,1,1,9048
7,36,500,1,1,10021
7,36,600,2,1,9186
7,93,500,1,1,9806
13,147,400,2,1,6863
13,147,500,2,1,5689
40,141,500,2,1,9465
40,141,700,1,1,8798
43,57,600,1,1,11957
44,32,200,1,1,5613
44,32,400,1,1,7526
44,32,500,2,1,7261
44,32,500,3,1,7779
44,32,500,1,1,7356
44,32,500,2,1,7169
44,74,500,3,1,11107
44,74,600,2,1,10647
44,74,600,3,1,10986
44,91,500,1,1,7103
15,160,400,3,1,10864
15,160,600,2,1,10808
15,160,600,3,1,11441
18,51,500,3,1,8782
18,86,700,1,1,9690
25,45,500,3,1,8287
25,45,700,3,1,8396
25,45,700,2,1,7853
45,75,700,1,1,7729
21,6,500,2,1,12193
21,6,600,1,1,10912
21,6,600,2,1,11114
21,6,600,1,1,11993
21,6,600,2,1,11993
21,47,700,2,1,9818
9,8,600,1,1,6302
9,8,600,3,1,6934
9,8,700,1,1,6152
9,8,700,2,1,7152
9,73,500,2,1,7106
9,73,500,1,1,7259
9,73,600,3,1,6782
9,73,600,2,1,6741
9,73,600,1,1,6606
9,155,600,3,1,5105
9,155,600,1,1,6182
9,158,500,1,1,6675
33,22,500,1,1,5863
33,27,500,2,1,6125
33,119,500,2,1,5367
36,123,700,1,1,5999
36,123,700,3,1,6122
36,124,700,2,1,6076
36,124,700,2,1,6614
36,124,700,3,1,6737
36,124,700,2,1,6737
36,130,700,1,1,6660
36,130,700,2,1,7492
36,130,700,1,1,6583
36,130,700,2,1,7275
36,132,600,3,1,5645
36,132,700,2,1,5894
41,35,600,1,1,6841
41,66,400,2,1,3633
41,88,300,3,1,3526
41,88,500,1,1,4420
41,88,500,1,1,4213
41,88,600,3,1,4945
41,92,500,1,1,6991
41,92,500,1,1,7409
41,92,500,2,1,6854
41,92,600,1,1,6959
41,113,300,1,1,4016
41,113,400,1,1,4146
41,113,500,2,1,2553
41,114,700,1,1,7158
41,125,600,2,1,4945
41,171,600,2,1,6466
14,77,600,2,1,9739
14,163,600,1,1,7088
14,163,600,2,1,8682
16,84,500,1,1,10583
17,164,500,1,1,8925
35,80,700,2,1,9926
39,10,500,1,1,5412
39,10,500,3,1,7126
39,10,500,3,1,6684
39,10,600,1,1,6181
20,41,500,1,1,4521
20,41,500,2,1,5637
20,41,500,3,1,6156
20,41,500,2,1,6448
20,62,500,2,1,9426
20,62,600,3,1,9045
20,62,600,3,1,9027
20,62,600,1,1,8698
20,63,600,2,1,8027
20,64,700,2,1,9690
20,110,600,2,1,7179
26,5,600,1,1,8546
26,31,400,3,1,7611
26,97,500,1,1,8294
26,97,700,1,1,7987
26,166,600,1,1,9173
26,166,600,2,1,9929
26,166,600,3,1,10215
26,166,700,1,1,9459
26,166,700,2,1,9967
26,166,700,2,1,10490
26,166,700,2,1,10705
28,42,600,2,1,7153
28,108,500,2,1,5187
28,108,500,2,1,7146
38,2,500,1,1,9548
38,2,500,2,1,10109
38,2,500,2,1,10250
38,2,500,3,1,10632
38,2,600,1,1,10935
38,3,600,1,1,8361
38,3,600,1,1,8615
38,3,600,2,1,9088
38,3,600,2,1,9121
38,3,600,1,2,9290
38,3,600,3,1,9777
38,17,600,1,1,8361
38,17,600,1,1,8638
38,17,700,3,1,9967
38,81,700,2,1,8133
38,104,500,1,1,6738
38,105,500,2,1,7714
38,133,500,2,1,7334
38,133,600,2,1,8838
38,137,400,1,1,4274
42,168,600,1,1,6342
42,168,600,2,1,7784
3,7,500,3,1,8826
3,28,500,2,1,8464
3,28,600,1,1,7432
3,40,600,2,1,9594
24,76,600,1,1,11486
29,1,500,1,1,10800
29,1,500,1,1,12077
29,145,500,2,1,9767
29,149,700,1,1,12305
1,4,500,2,1,12490
1,87,400,1,1,6640
1,87,400,2,1,7873
1,87,400,2,1,8136
1,115,600,1,1,10021
32,94,500,1,1,8364
2,127,500,1,1,8015
5,109,500,2,1,10322
7,36,500,3,1,11054
13,147,600,1,1,7138
40,141,500,3,1,9539
40,141,#VALUE!,3,1,8757
40,141,600,3,1,8895
40,141,700,2,1,8592
43,25,500,1,1,10909
44,19,500,1,1,7326
44,32,500,1,1,6877
44,74,500,2,1,11376
44,74,600,1,1,10850
44,91,400,2,1,6042
18,44,500,1,1,6314
18,51,700,1,1,8273
18,54,600,1,1,10516
18,86,600,2,1,10376
25,45,700,3,1,9157
45,75,700,1,1,7116
21,6,500,1,1,11251
21,6,600,2,1,12719
9,8,600,3,1,6483
9,11,400,3,1,4486
9,59,700,2,1,6390
9,73,600,2,1,6812
9,151,500,1,1,4397
9,151,500,2,1,5412
9,151,600,2,1,5828
9,174,600,3,1,6838
30,173,600,1,1,5974
33,24,500,2,1,5367
33,153,500,1,1,7386
36,123,600,2,1,6088
36,123,700,2,1,6789
36,123,700,3,1,6257
36,123,700,2,1,6334
36,124,700,1,1,5814
36,124,700,1,1,6460
36,130,600,1,2,7076
36,130,600,2,1,7314
36,130,700,1,1,7958
36,130,700,1,1,6782
36,130,700,3,1,7045
36,130,700,3,1,7691
36,130,700,3,1,7921
41,35,500,1,1,7637
41,35,500,1,1,6995
41,35,500,1,1,7098
41,35,600,3,1,6925
41,35,600,1,1,7466
41,66,500,1,1,3721
41,92,600,1,1,7010
41,92,600,2,1,7348
41,113,300,3,1,3946
41,114,600,1,1,6404
41,114,700,3,1,7383
41,125,500,1,1,4338
41,171,600,1,1,6125
39,10,400,1,1,5591
39,10,500,3,1,6765
20,41,500,1,1,4747
20,62,600,2,1,9757
20,62,700,1,1,9120
20,64,600,3,1,9488
20,64,700,1,1,9075
20,110,600,1,1,7145
26,166,600,2,1,10241
26,166,600,3,1,9830
26,166,700,3,1,10582
26,166,700,3,1,9886
28,42,400,3,1,5642
28,42,400,2,1,6220
28,42,500,2,1,7103
28,42,500,3,1,7469
28,82,500,2,1,5479
28,108,400,1,1,4199
28,108,400,1,1,5117
34,56,700,1,1,9536
38,2,500,2,1,10296
38,2,500,3,1,10530
38,2,600,2,1,10087
38,2,600,3,1,10153
38,3,500,2,1,9146
38,3,600,1,1,9459
38,17,600,1,1,7907
38,17,700,2,1,9936
38,17,700,3,1,10152
38,21,700,2,1,8530
38,26,600,1,1,6503
38,26,600,1,2,6757
38,81,600,3,1,8886
38,81,600,3,1,8920
38,137,500,2,1,6738
38,157,600,2,1,7667
38,172,700,3,1,8977
38,172,700,2,1,8323
42,168,600,3,1,6564
42,168,700,2,1,6694
3,7,500,1,1,7850
3,7,500,2,1,8106
3,7,600,1,1,8438
3,39,700,3,1,8608
3,40,600,1,1,8648
3,40,600,1,1,9324
3,140,400,1,1,5237
3,140,500,1,1,6571
3,140,500,1,1,6765
3,170,500,3,1,7865
29,1,600,2,1,10439
29,143,500,2,1,9152
29,144,500,3,1,9082
29,144,500,1,1,8263
29,144,600,3,1,9905
29,145,500,3,1,9477
29,146,600,3,1,11956
29,146,600,3,1,12516
29,146,700,2,1,11632
1,4,500,2,1,12561
1,4,500,1,1,11437
1,4,600,1,1,10458
1,115,500,2,1,10345
27,85,300,2,1,6796
11,83,600,3,1,10958
5,109,500,2,1,10488
5,109,600,1,1,9665
5,109,600,2,1,10515
5,109,600,3,1,10719
6,131,600,2,1,10246
7,29,600,2,1,8091
7,36,500,1,1,10846
7,36,600,2,1,9935
19,49,500,1,1,10400
40,141,600,1,1,8082
44,19,400,2,1,6771
44,19,500,3,1,7333
44,32,500,1,1,7153
15,139,400,1,1,5176
15,160,400,1,1,10689
15,160,400,2,1,10876
15,160,400,1,1,11563
15,160,400,3,1,11613
15,160,600,3,1,11206
18,44,400,1,1,6089
18,44,500,1,1,6242
18,51,600,3,2,7952
18,52,700,1,1,7134
18,86,600,1,1,10279
18,86,600,3,1,10570
18,86,700,1,1,9506
18,122,500,2,1,6882
18,122,500,1,1,5976
18,122,500,3,1,6765
25,45,500,2,1,9152
45,75,600,1,1,8550
21,6,600,1,2,10135
21,6,600,1,1,11621
21,6,600,1,1,11993
9,11,400,3,1,5249
9,59,500,3,1,6771
9,73,600,3,1,6317
9,155,500,2,1,6848
9,174,500,3,1,7390
9,174,500,1,1,7367
9,174,700,1,1,6281
31,117,500,2,1,8442
31,136,600,1,1,6092
33,22,500,1,1,6262
33,22,600,3,1,7352
33,23,500,3,1,9682
33,23,600,2,1,8496
33,24,500,3,1,5279
33,27,500,2,1,6799
33,116,600,2,1,7750
33,119,500,3,1,5863
33,119,500,3,1,5863
33,152,500,2,1,6253
36,123,500,1,1,6309
36,123,600,3,1,7076
36,123,600,3,1,5804
36,123,600,3,1,6854
36,123,700,3,1,6768
36,124,600,3,1,6286
36,124,600,3,1,6523
36,124,700,1,1,6383
36,124,700,2,1,6383
36,124,700,1,2,6460
36,124,700,2,1,6460
36,124,700,3,1,6768
36,124,700,3,1,6891
36,130,500,2,1,7715
36,130,600,1,1,7037
36,130,600,3,1,8179
36,130,600,3,1,8550
36,130,700,3,1,7429
36,130,700,3,1,7460
36,130,700,1,1,7660
36,130,700,2,1,7767
36,130,700,2,1,7918
41,66,600,2,1,5114
41,88,400,1,1,3322
41,88,500,1,1,4780
41,88,500,2,1,4182
41,88,600,2,1,4945
41,88,800,2,1,4572
41,92,600,3,1,6990
41,92,600,1,1,7348
41,111,600,1,1,7631
41,114,500,1,1,7422
41,114,500,3,1,8418
41,114,600,3,1,6494
41,171,600,1,1,6757
14,79,500,2,1,9437
14,79,600,1,1,7719
14,100,700,1,1,9536
20,12,600,1,1,6454
20,41,500,1,1,5750
20,62,600,3,1,10249
20,62,600,2,1,7958
20,62,600,1,1,8198
20,62,600,3,1,9542
20,62,700,1,1,8760
20,62,700,1,1,9853
20,62,700,2,1,10037
20,62,700,1,1,9689
20,64,700,3,1,9844
20,64,700,2,1,9952
20,65,700,2,1,7879
20,165,500,2,1,5530
26,5,600,1,1,8397
26,97,600,1,1,7035
26,166,600,1,1,10085
26,166,600,2,1,10381
26,166,700,1,1,10459
26,166,700,2,1,10225
28,42,400,1,1,6220
28,82,400,1,1,5089
28,82,500,3,1,5310
28,82,600,1,1,6012
34,56,700,2,1,9075
38,2,500,2,1,9594
38,2,500,2,1,10632
38,2,500,3,1,11107
38,2,600,1,1,11304
38,3,500,3,1,9244
38,3,600,2,1,9848
38,3,600,3,1,9881
38,3,600,3,1,9915
38,3,600,3,1,10405
38,17,600,1,1,7314
38,17,600,2,1,9093
38,81,700,1,1,6493
38,133,500,3,1,9149
38,133,500,3,1,10557
38,133,700,1,1,9290
38,156,700,3,1,9432
38,172,600,1,1,7564
42,168,600,3,1,7270
42,168,700,3,1,7650
3,7,600,3,1,7330
3,28,600,1,1,8438
3,28,600,1,1,7770
3,40,500,2,1,9406
3,40,500,2,1,9910
3,40,600,2,1,9831
3,46,600,2,1,7324
3,61,500,3,1,8782
3,140,600,2,1,4177
24,76,500,1,1,11871
24,76,600,3,1,11148
29,1,600,1,1,9797
29,1,600,2,1,11959
29,143,700,1,1,8751
29,144,600,1,1,8246
29,144,600,3,1,9190
29,145,500,3,1,10250
29,146,400,1,1,12112
29,146,600,3,1,12050
29,146,700,1,1,11286
29,149,700,1,1,11305
29,149,700,2,1,11459
29,149,700,1,1,13505
1,4,500,1,1,12513
1,4,500,1,1,12750
1,4,500,3,1,13070
1,101,600,1,1,11790
1,115,500,1,1,9755
1,150,400,2,1,6546
27,85,300,2,1,6868
5,109,500,2,1,11961
5,109,500,3,1,10384
5,109,500,2,1,10488
5,109,600,1,1,9324
5,109,600,1,1,10569
5,109,600,1,1,9409
7,36,600,1,1,9648
7,36,600,3,1,11330
13,147,500,1,1,7633
13,147,600,2,1,7267
22,15,600,2,1,9066
44,32,400,2,1,7033
44,32,500,2,1,7189
44,32,500,2,1,7216
44,32,500,2,2,7734
44,91,500,2,1,7424
15,107,500,1,1,9041
15,160,400,3,1,11363
18,44,500,1,1,5934
18,51,600,3,1,8696
18,51,700,1,1,7954
18,52,700,2,1,7289
18,86,600,3,1,10377
18,86,600,2,1,10575
18,86,700,2,1,10921
18,86,700,3,1,11197
25,45,700,3,1,8914
45,75,500,1,1,8633
45,75,700,1,1,7571
21,6,500,1,1,11107
21,6,600,1,1,12162
9,8,700,3,1,7691
9,11,500,2,1,5819
9,73,700,3,1,7258
9,118,600,2,1,4899
9,151,500,1,1,4305
9,151,500,2,1,5047
9,151,500,2,1,5627
9,154,600,3,1,7800
9,154,600,2,1,8303
9,155,600,1,1,7096
9,158,500,1,1,6526
9,158,600,2,1,6819
9,174,700,1,1,6250
33,24,500,2,1,6381
33,27,400,2,1,5931
33,119,500,2,1,5547
33,121,600,3,1,7915
33,162,700,2,1,7910
36,123,500,3,1,6921
36,123,500,2,1,6426
36,123,600,1,1,6049
36,123,600,2,1,7116
36,123,600,2,1,6355
36,123,700,2,1,6399
36,123,700,2,1,6568
36,123,700,3,1,6614
36,124,700,1,1,6537
36,124,700,2,1,6691
36,124,700,3,1,6814
36,124,700,2,1,6845
36,124,700,3,1,7121
36,128,500,2,1,6094
36,130,500,1,1,6933
36,130,500,2,1,7395
36,130,600,1,1,8005
36,130,600,2,1,7477
36,132,500,3,1,6448
36,132,600,2,1,5726
46,90,400,2,1,5305
46,90,400,1,1,4934
41,35,600,1,1,6736
41,35,600,1,1,7601
41,35,600,1,1,7635
41,66,400,1,1,4658
41,66,500,3,1,6314
41,88,500,1,1,4735
41,92,500,1,1,6643
41,92,500,1,1,6666
41,92,500,2,1,6953
41,92,500,2,1,7845
41,92,600,1,1,7027
41,92,600,1,1,7196
41,92,600,1,1,7517
41,92,600,2,1,7601
41,92,600,2,1,8108
41,114,600,3,1,7540
41,125,500,2,1,4690
41,171,500,2,1,6875
14,100,700,2,1,9875
14,100,700,3,1,9998
14,100,700,3,1,10767
14,100,700,2,1,10767
39,10,400,2,1,6294
39,10,500,1,1,5976
39,10,500,2,1,6269
39,10,600,2,1,7304
39,14,600,3,1,10832
20,41,500,2,1,4848
20,41,600,2,1,6746
20,62,500,2,1,10428
20,62,500,3,1,8914
20,62,500,3,1,9639
20,62,600,3,1,10062
20,62,700,1,1,9274
20,62,700,2,1,9692
20,64,600,3,1,9536
20,64,600,2,1,9885
20,64,700,3,1,9782
20,65,700,2,2,7755
20,110,500,1,1,6503
26,37,500,1,1,10581
26,166,600,3,1,10697
26,166,700,2,1,10690
26,166,700,1,1,9728
28,42,400,2,1,6674
28,42,500,2,1,5105
28,82,500,1,1,5768
38,2,600,3,1,11443
38,3,500,1,1,9012
38,3,600,3,1,9797
38,21,600,2,1,8839
38,21,700,1,1,9120
38,69,400,3,2,6539
38,81,500,3,1,8328
38,81,600,2,1,8879
38,81,700,1,1,7492
38,81,700,3,1,9464
38,104,400,2,1,5721
38,104,400,1,1,5774
38,104,500,2,1,7126
38,133,500,2,1,10361
38,133,600,3,1,8969
38,133,700,3,1,10252
38,133,700,2,1,9540
38,133,700,1,1,9550
38,156,600,1,1,7605
38,156,600,2,1,9581
38,156,600,2,1,9272
38,167,600,3,1,9417
38,172,600,3,1,9030
38,172,700,1,1,8274
38,172,700,3,1,8425
38,172,700,2,1,8446
42,168,700,1,1,7156
3,7,500,2,1,9414
3,7,500,1,1,6400
3,28,500,1,1,7339
3,28,600,1,1,8811
3,39,500,3,1,9929
3,39,600,1,1,8771
3,40,600,3,1,9510
3,61,600,1,1,6157
3,61,600,3,1,8622
3,61,700,1,1,5775
3,89,500,2,1,8446
3,89,500,3,1,8978
3,140,400,1,1,7427
3,170,600,1,1,8163
24,76,600,2,1,12297
24,76,600,1,1,13175
29,1,500,2,1,12552
29,1,600,1,1,10810
29,1,600,1,1,10979
29,1,600,1,1,11317
29,1,600,2,1,12246
29,143,700,2,1,8654
29,144,600,1,1,8640
29,148,500,1,1,10009
29,149,700,2,1,11505
29,149,700,3,1,13735
1,4,500,1,1,13035
1,4,500,1,1,10800
1,4,600,2,1,12503
1,87,300,3,1,6925
1,87,400,1,1,6981
1,87,500,2,1,8535
1,115,500,1,1,9639
1,150,500,1,1,6314
27,85,400,1,1,7299
5,109,600,1,1,10608
5,109,600,1,1,10693
5,109,600,3,1,12108
5,109,600,1,1,10483
5,109,600,2,1,11761
7,93,500,1,1,9736
13,147,300,2,1,7880
13,147,400,1,1,6903
19,120,600,2,1,12340
40,141,600,1,1,9110
40,141,700,3,1,9197
43,57,700,3,1,12408
44,19,500,3,1,6494
44,19,500,1,1,6945
44,19,600,1,1,6822
44,32,400,1,1,6438
44,32,500,3,1,7779
44,74,600,1,1,11040
44,74,600,3,1,11358
44,74,600,3,1,12749
44,74,600,2,1,10439
15,107,500,1,1,9290
15,107,700,1,1,8934
15,139,300,1,1,5387
15,139,400,1,1,5022
15,139,500,2,1,6383
15,139,500,2,1,6376
15,160,400,3,1,12237
15,160,600,3,1,11474
15,160,600,2,1,11568
18,44,500,2,1,6697
18,51,500,1,1,7578
18,51,600,3,1,8770
18,51,600,3,1,9621
18,86,700,2,1,11044
18,86,700,3,1,11025
18,122,300,2,1,3386
18,122,500,1,1,6269
25,45,500,1,1,8258
25,45,700,1,1,8611
45,75,700,1,1,7918
9,8,700,2,1,7875
9,59,700,2,1,7880
9,73,500,3,1,7603
9,73,600,3,1,7853
9,151,500,3,1,4870
9,151,500,1,1,4911
9,155,500,2,1,7316
9,155,600,2,1,7027
9,158,700,3,1,8108
9,174,500,3,1,7155
30,173,600,2,1,6816
31,129,500,2,1,5382
33,27,500,2,1,6125
33,27,600,3,1,5772
33,119,500,2,1,6443
33,153,500,1,1,6108
36,123,500,3,1,6681
36,123,700,2,2,6537
36,123,700,3,1,6768
36,123,700,3,1,6860
36,123,700,2,1,6922
36,123,700,3,1,6998
36,124,600,3,1,6523
36,124,600,3,1,6622
36,124,700,3,1,6306
36,124,700,1,1,6306
36,124,700,3,1,6429
36,124,700,3,1,6698
36,130,600,3,1,8302
36,130,700,3,1,8596
36,130,700,3,1,7844
46,33,700,2,1,8776
46,90,400,1,1,5305
41,35,500,2,1,6689
41,35,600,1,1,6638
41,35,600,2,1,7635
41,35,600,1,1,7854
41,66,400,2,1,5271
41,66,600,2,1,5397
41,92,500,2,1,8593
41,92,500,2,1,8413
41,92,600,1,1,7263
41,92,600,1,1,7547
41,92,600,2,1,7871
41,92,600,1,1,8074
41,113,300,1,1,4454
41,113,500,2,1,4737
41,125,600,1,1,5611
41,138,600,1,1,6047
41,171,600,2,1,6925
14,100,600,3,1,10180
16,84,700,1,1,10988
39,10,500,2,1,6494
39,10,500,3,1,6652
39,10,500,2,1,6610
39,13,700,2,1,7134
39,14,700,2,1,10459
20,41,500,2,1,5562
20,62,600,2,1,8901
20,62,600,1,1,8050
20,62,600,2,1,8883
20,62,700,3,1,9872
20,62,700,3,1,10375
20,62,700,1,1,9739
20,63,600,1,1,7757
20,64,600,1,1,9594
20,64,600,2,1,10411
20,64,700,2,1,9813
20,64,700,3,1,10152
20,64,700,3,1,10656
20,110,600,3,1,7939
20,165,500,3,1,6507
26,31,500,1,1,7657
26,48,500,2,1,8204
26,50,500,2,1,7890
26,166,600,2,1,10312
26,166,700,3,1,10275
26,166,700,2,1,10613
26,166,700,3,1,10767
26,166,700,2,1,10767
26,166,700,3,1,11074
26,166,700,2,1,10557
28,42,400,1,2,7453
28,42,600,2,1,5828
28,42,600,2,1,6977
28,82,500,2,1,5114
28,108,400,1,1,6508
28,108,500,1,1,5153
28,108,500,1,1,7289
34,56,700,2,1,9998
38,2,500,1,1,8254
38,2,500,3,1,11355
38,2,600,3,1,11155
38,3,500,2,1,9915
38,3,500,3,1,9662
38,3,600,1,1,9375
38,3,600,3,1,9797
38,3,600,3,1,10050
38,3,600,3,1,10473
38,17,700,3,1,9813
38,26,600,1,1,7179
38,43,600,3,1,8208
38,69,500,1,1,5457
38,70,600,2,1,6278
38,81,600,2,1,8808
38,104,500,1,1,6942
38,133,500,1,1,10607
38,133,700,2,1,9040
38,172,700,1,1,7996
42,168,500,1,1,6586
42,168,600,2,1,7851
3,7,600,1,1,8721
3,28,500,1,1,8477
3,28,500,1,1,8361
3,40,500,2,1,9244
3,140,400,1,2,6955
24,76,500,1,1,10452
24,76,500,1,1,12031
29,1,500,1,1,12119
29,1,500,2,1,12284
29,1,600,1,1,9763
29,1,600,1,1,11486
29,143,500,1,1,8446
29,145,500,1,1,9336
29,146,500,3,1,12937
1,87,500,2,1,8065
4,38,600,2,2,10740
27,85,300,2,1,6134
27,85,400,1,1,8122
5,109,500,2,1,11845
5,109,500,1,1,11502
5,109,600,3,1,11366
5,109,600,2,1,11380
5,109,600,1,1,11434
7,93,500,3,1,11237
40,141,500,1,1,9465
40,141,700,2,1,8996
40,141,700,3,1,9506
44,19,500,2,1,6765
44,32,500,3,1,7734
44,32,500,1,1,6860
44,74,600,2,1,11655
44,91,500,2,1,8005
15,160,600,1,2,11387
18,86,700,1,1,10352
18,122,500,2,1,5750
18,122,500,1,1,7216
18,122,600,1,1,6496
25,45,600,2,1,7403
25,45,600,3,2,6708
25,45,600,3,1,9156
25,45,700,1,1,8038
45,75,600,2,1,9088
21,6,500,1,1,12263
21,6,600,1,1,10608
21,6,600,1,1,12415
21,47,600,2,1,10952
21,47,700,2,1,10617
9,8,600,3,1,7808
9,8,700,2,1,8044
9,73,500,3,1,7714
9,73,500,2,1,7428
9,73,600,1,1,6597
9,73,600,3,1,8234
9,151,400,3,1,5473
9,155,600,3,1,7419
9,155,600,1,2,6723
9,158,500,2,1,7691
9,158,500,2,1,7766
9,158,600,1,1,6278
9,158,700,1,1,7258
30,18,400,2,2,7615
30,18,500,2,2,7989
31,129,500,2,1,5194
31,129,500,2,1,5615
31,136,600,2,2,3391
31,136,600,1,1,5923
33,23,500,2,1,10075
33,24,500,3,1,6133
33,24,500,3,1,6446
33,27,400,1,1,6167
33,119,400,2,1,5490
33,119,500,3,1,6539
33,162,700,1,1,7522
36,123,700,1,1,6252
36,123,700,3,1,6614
36,123,700,3,1,6922
36,123,700,3,1,7211
36,123,700,2,1,7383
36,124,600,3,1,6879
36,124,700,1,1,6152
36,124,700,2,1,6229
36,124,700,2,1,7229
36,130,700,2,1,8044
36,130,700,3,1,8427
36,132,600,1,1,5864
46,33,700,2,1,8594
41,35,500,2,1,8630
41,35,600,1,1,7652
41,88,500,1,1,5028
41,88,500,1,1,5141
41,92,500,2,1,8588
41,92,600,2,1,8530
41,111,600,3,1,7757
41,113,500,2,1,3157
41,114,600,3,1,8298
41,125,400,1,2,4786
41,125,500,1,1,4668
14,100,700,2,1,10767
14,163,700,2,1,10035
39,9,500,2,1,6654
39,10,500,1,1,6077
39,112,500,3,1,9708
39,134,600,1,1,6659
20,41,500,2,1,6057
20,62,500,3,1,10594
20,62,600,1,1,8693
20,62,700,1,1,8025
20,62,700,1,1,10930
20,62,700,1,1,10050
20,63,600,2,1,7847
20,63,600,1,1,9200
26,166,600,1,1,10047
26,166,700,3,1,10951
26,166,700,1,1,11228
26,166,700,2,1,11055
26,169,600,3,1,8006
28,42,400,2,1,6430
28,42,400,3,1,7873
28,108,400,1,1,5859
28,108,400,2,1,7164
38,2,600,1,1,10999
38,2,600,2,1,11528
38,3,500,2,1,10116
38,3,600,1,1,9713
38,17,700,3,1,10536
38,21,500,1,1,9963
38,21,600,3,2,7757
38,69,500,2,1,6652
38,81,600,3,1,8752
38,81,600,3,1,9004
38,81,600,2,1,9374
38,172,700,2,1,9027
38,172,700,1,1,7785
42,168,500,2,1,7280
42,168,600,2,1,7198
3,7,600,1,1,8023
3,28,600,1,1,8408
3,39,700,2,1,8654
3,40,500,1,1,9012
3,40,600,2,1,9223
3,89,500,1,1,9103
3,140,500,2,1,6832
24,76,600,1,1,12348
29,1,500,1,1,11974
29,1,600,3,1,11959
29,143,600,1,1,8337
29,144,600,1,1,8246
29,145,500,2,1,8942
29,146,700,2,1,11632
29,148,600,2,1,10696
1,101,600,2,1,11824
4,38,500,3,1,11871
27,85,500,2,1,7914
5,109,600,1,1,10916
5,109,600,2,1,11805
7,36,600,2,1,10214
40,141,600,2,1,8803
43,57,500,2,1,11871
44,19,500,3,1,7328
44,32,400,1,1,6269
44,74,500,3,1,12235
44,91,500,1,1,7441
44,91,500,1,1,6314
15,16,400,3,1,7320
15,139,400,1,1,6370
15,160,700,1,1,10510
15,160,700,3,1,10760
18,51,700,1,1,9323
18,86,600,3,1,10575
18,86,700,1,1,10613
18,86,700,2,1,10690
18,122,500,1,1,5773
18,122,600,2,1,6349
25,45,500,1,1,9176
25,45,600,3,1,9309
25,45,700,3,1,9102
45,75,600,2,1,8873
21,6,500,1,1,12031
9,8,700,3,1,7767
9,59,600,3,1,6410
9,118,500,1,1,5019
9,151,400,3,1,5873
9,151,500,1,1,4916
9,151,500,1,1,5682
9,158,600,2,1,6999
33,24,500,1,1,5320
33,71,700,1,1,8499
33,119,500,2,1,5897
33,119,500,1,1,5951
36,123,600,3,1,7274
36,123,600,3,1,7412
36,123,600,2,1,6664
36,123,700,2,1,6370
36,124,700,3,1,6460
36,130,600,1,1,6914
36,130,600,3,1,7907
36,130,700,1,1,7537
36,130,700,3,1,7614
36,130,700,2,1,8229
36,130,700,3,1,8429
36,130,700,3,1,8537
46,90,400,2,1,5249
46,90,400,3,1,6094
41,35,600,1,1,6753
41,35,600,1,1,7243
41,92,600,2,1,7702
41,113,500,1,1,4492
14,77,600,3,1,10102
14,78,500,3,1,6226
14,100,600,2,1,9883
16,84,600,2,1,10748
16,84,600,1,1,10384
16,84,600,3,1,12936
39,10,400,3,1,5511
39,10,500,2,1,7436
39,134,500,2,1,6604
20,63,500,2,1,9136
20,165,600,3,1,6770
26,5,600,1,1,9950
26,166,600,1,1,9565
26,166,700,3,1,11145
28,108,400,3,2,6298
28,108,500,2,1,5376
38,2,500,1,1,8382
38,2,500,3,1,11107
38,2,600,2,1,11070
38,2,600,2,1,11342
38,3,600,1,1,9037
38,17,600,1,1,8302
38,81,600,3,1,9257
38,81,600,3,2,9425
38,81,700,3,1,8833
38,156,700,1,1,8826
38,172,600,3,1,8378
38,172,700,1,1,9044
42,168,600,3,1,7876
3,40,600,2,1,9121
29,1,500,3,1,12728
1,87,400,1,1,6613
1,87,400,1,1,6955
1,115,500,3,1,10966
1,150,400,2,1,5665
32,95,600,1,1,8422
37,55,600,1,1,8610
37,55,600,2,1,9398
27,85,300,1,1,5617
11,83,500,2,1,11293
5,109,500,3,1,11752
5,109,500,1,1,12031
5,109,600,1,1,10856
5,109,600,1,1,9851
5,109,600,2,1,12059
7,36,500,1,1,9581
13,147,500,2,1,5161
13,147,500,2,1,4099
22,68,700,1,1,7600
40,141,600,3,1,9525
40,142,600,2,1,9082
43,57,600,2,1,11196
44,32,600,1,1,7175
15,16,500,2,1,6710
15,139,400,2,1,6745
18,54,600,2,1,10935
18,54,700,2,1,10798
18,86,600,1,1,10279
18,86,600,2,1,10377
18,86,600,3,1,10773
25,45,600,1,1,7921
25,45,700,2,1,8626
21,6,500,2,1,13832
21,6,600,1,1,12668
9,8,700,1,1,6383
9,118,400,3,1,5256
9,151,600,2,1,5482
9,151,600,3,2,5263
9,151,600,2,1,5564
33,27,400,1,1,5196
33,71,600,1,1,7270
33,116,600,2,1,8326
33,152,500,1,1,5541
36,124,600,2,1,6483
36,124,700,2,1,6076
36,130,700,1,1,7614
46,90,400,2,1,5245
46,90,400,1,1,5407
41,35,500,1,1,7781
41,35,600,2,1,7804
41,66,400,1,1,4879
41,66,400,1,1,4879
41,92,600,2,1,7311
41,114,600,3,1,7396
41,114,700,2,1,7522
41,171,600,1,1,6142
39,10,500,1,1,5074
39,10,500,1,1,6088
39,134,500,2,1,5998
20,62,500,2,1,9914
20,165,500,1,1,7914
26,97,600,1,1,7360
26,166,700,2,1,10783
28,108,400,1,1,6823
38,2,600,2,1,11372
38,3,500,1,1,9249
38,3,600,1,1,9797
38,81,600,2,1,8412
38,133,600,3,1,9819
38,133,600,2,1,9159
38,133,700,3,2,8675
38,172,700,1,1,8684
42,168,600,2,1,7951
42,168,700,1,1,7290
42,168,700,1,1,7290
42,168,700,1,1,7463
3,28,500,2,1,8361
3,34,600,2,2,5427
3,39,700,3,1,9787
3,40,600,1,1,7939
3,89,500,3,1,9145
24,76,500,2,1,13188
29,145,500,2,1,9835
29,146,700,1,1,11226
29,149,700,2,1,11920
1,150,600,1,1,8278
37,55,700,2,2,9306
4,38,500,2,1,11748
27,85,500,1,1,7745
27,161,700,1,1,9541
19,120,700,3,1,12356
40,141,600,1,1,9191
43,57,500,1,1,9708
44,74,500,1,1,11799
44,74,600,2,2,12668
44,91,500,2,1,7667
15,160,400,3,1,13099
23,20,500,2,1,11037
25,45,500,2,1,8897
21,6,600,2,1,9290
21,6,600,2,1,13260
9,73,500,2,1,7589
9,151,500,1,2,5479
9,158,600,2,1,7270
30,173,600,1,1,6010
31,129,500,1,1,5897
33,119,500,1,1,3522
33,153,500,3,1,7164
36,123,500,2,1,6009
36,123,500,2,1,6355
36,123,600,2,1,5788
36,123,700,2,1,6714
36,124,700,3,1,6152
36,130,700,2,1,7967
36,130,700,3,1,9333
41,35,500,1,1,8477
41,92,600,2,1,7263
41,113,400,3,1,4461
41,171,600,2,1,7282
14,77,500,1,1,9714
14,100,600,1,1,9784
16,84,700,2,1,11571
39,10,500,1,1,4961
39,134,500,3,1,6163
20,41,500,2,1,5637
20,41,600,2,1,6539
20,62,500,3,1,10665
20,62,500,1,1,9130
20,62,700,3,1,10513
20,64,600,3,1,11030
26,97,700,1,1,7724
26,166,600,1,1,10839
28,82,600,3,1,6483
38,3,600,3,1,9729
38,81,700,1,1,8957
38,133,700,2,1,8361
38,137,500,3,1,5309
38,137,800,2,1,5157
38,156,500,1,1,9660
42,168,600,1,1,7380
42,168,700,1,1,7200
3,40,500,1,1,9012
3,46,600,1,1,7396
24,76,600,2,1,11064
29,143,600,3,1,8138
1,4,500,1,1,9124
1,150,400,1,1,7773
1,150,400,3,1,6955
1,150,500,3,1,6882
1,150,500,3,1,6990
1,150,600,2,2,6283
27,85,300,1,1,5784
5,109,500,3,1,11497
5,109,500,2,1,11891
5,109,500,1,1,10025
5,109,500,2,1,11974
5,109,600,2,1,11570
7,36,500,2,1,10611
7,36,600,3,1,10637
10,67,500,1,1,10212
10,72,600,2,2,7126
13,147,300,1,1,6636
13,147,500,1,1,5667
19,49,500,1,1,9891
43,25,600,1,1,9810
44,32,400,1,1,7400
44,74,500,3,1,11731
44,74,500,2,1,11144
44,74,600,1,1,10168
44,91,400,2,1,6583
44,91,400,1,1,6080
44,91,400,1,1,6176
44,91,500,1,1,5619
44,91,500,1,1,7707
15,16,500,2,1,6386
15,139,400,2,1,7348
18,44,500,2,1,6325
18,52,600,1,1,8060
18,86,600,2,1,10338
18,86,700,1,1,8921
18,86,700,2,1,10406
25,45,500,3,1,9337
45,75,600,2,2,8721
45,75,600,1,1,8968
21,6,500,1,1,10452
21,6,500,2,1,11396
21,6,600,1,1,9425
21,47,600,2,1,10353
21,47,700,2,1,9306
9,8,700,1,1,7568
9,8,700,3,1,7844
9,11,500,2,1,4900
9,11,500,1,1,5002
9,59,500,1,1,7304
9,73,600,3,1,7246
9,73,700,1,1,7244
9,151,500,3,1,4284
9,151,500,2,1,4893
9,174,500,3,1,7507
33,22,500,3,1,6753
33,71,700,3,1,7600
33,116,500,2,2,7859
33,116,600,1,1,7965
33,119,500,2,1,5682
33,119,500,2,1,6156
33,121,400,1,1,5984
33,152,500,3,1,5691
33,152,500,2,1,6298
36,123,500,3,1,6733
36,123,500,3,1,6757
36,123,500,2,1,4890
36,123,500,1,1,6355
36,123,600,2,1,6167
36,123,600,3,1,6424
36,123,600,2,1,6483
36,123,600,3,1,6837
36,123,600,3,1,7161
36,123,600,2,1,6763
36,123,700,1,1,5537
36,123,700,2,1,5845
36,123,700,3,1,6891
36,124,600,1,1,5890
36,124,600,2,1,6701
36,124,700,1,1,5506
36,124,700,2,1,5922
36,124,700,2,1,5999
36,124,700,3,1,6165
36,124,700,1,1,6199
36,130,500,2,1,7451
36,130,600,2,1,7017
36,130,600,1,1,7076
36,130,600,3,1,7907
36,130,600,2,1,7907
36,130,700,3,2,8460
46,90,400,3,1,5669
46,90,500,1,1,5612
41,35,500,1,1,7200
41,35,500,1,1,7479
41,35,600,2,1,7263
41,88,500,3,1,4465
41,88,500,3,1,4645
41,88,600,3,1,5122
41,92,500,2,1,6193
41,92,500,1,1,8155
41,92,600,2,1,6503
41,125,500,3,1,4257
41,125,500,1,1,4510
41,171,600,2,1,6806
41,171,600,1,1,6334
14,79,600,2,1,9412
16,84,700,1,1,10289
39,9,400,1,1,5349
39,10,400,1,1,5591
39,10,400,1,1,5055
39,10,500,1,1,5186
39,10,500,1,1,5407
39,10,500,2,1,5863
39,10,500,2,1,6066
39,134,400,1,1,5865
39,134,600,1,1,6124
20,41,500,2,1,5809
20,41,500,2,1,5893
20,62,500,3,1,9267
20,62,600,2,1,8476
20,62,600,3,1,9559
20,64,600,1,2,10365
20,64,600,2,1,10411
20,64,700,1,1,10382
20,110,600,1,1,7432
20,165,500,1,1,5776
26,5,500,1,1,7637
26,166,600,2,1,9407
26,166,600,1,1,8461
26,166,600,2,1,10177
26,166,700,3,1,10582
26,166,700,3,1,10180
28,82,600,1,1,5427
34,56,700,3,1,11505
38,2,500,2,1,9951
38,2,500,3,1,10322
38,17,600,1,1,7709
38,17,600,2,1,9053
38,81,500,3,1,9149
38,81,600,3,1,9560
38,104,400,2,1,5984
38,104,500,3,1,6330
38,167,700,2,1,8003
42,168,600,2,1,7533
3,7,600,1,1,7686
3,7,600,1,1,7770
3,7,600,2,1,8446
3,28,500,1,1,7618
3,39,500,2,1,9413
3,39,600,1,1,8771
3,40,500,2,1,9755
3,40,600,2,1,8952
3,89,500,3,1,8633
3,140,400,1,1,7453
3,140,600,2,1,5848
29,1,500,3,1,11458
29,1,500,1,1,11768
29,1,600,1,1,10219
29,1,600,3,1,11773
29,143,600,2,1,7536
29,144,500,3,1,9475
29,144,500,1,1,8857
29,144,600,3,1,8510
29,144,600,1,1,7293
29,145,500,3,1,9772
29,145,500,2,1,9313
29,146,600,3,1,12891
29,146,700,1,1,11562
29,148,500,1,1,9436
29,148,500,2,1,10229
29,149,700,2,1,10921
1,4,600,2,1,11947
1,87,400,2,1,6955
1,87,400,3,1,7348
1,150,400,3,1,7507
12,58,500,3,1,11582
32,94,500,1,1,9170
27,85,300,1,1,5965
27,85,500,2,1,7656
27,99,500,1,1,6882
5,109,500,2,1,12193
5,109,500,1,1,11874
7,30,500,3,1,10009
7,30,500,2,1,10028
7,30,600,1,1,8400
7,36,500,1,1,9691
7,36,500,2,1,10257
7,36,500,1,1,8216
7,36,600,1,1,9343
7,36,600,1,1,8811
13,147,400,1,1,6640
19,49,500,2,1,10101
22,15,500,3,1,9032
40,141,500,2,1,9465
40,141,600,3,1,8895
40,141,600,2,1,9251
40,141,700,1,1,8860
40,141,700,3,1,9659
40,142,500,3,1,8320
44,19,500,3,1,6551
44,32,400,2,1,7022
44,32,500,2,1,6748
44,74,500,2,1,11264
44,74,500,2,1,11381
44,74,600,1,1,10304
44,91,500,2,1,7127
44,91,500,2,1,5367
8,60,600,1,1,7330
15,16,400,1,1,7187
15,107,500,1,1,9465
15,107,600,1,1,9236
15,139,500,2,2,4716
15,160,400,2,1,10938
15,160,400,2,1,10938
18,44,500,3,1,5863
18,44,500,1,1,6381
18,44,500,2,1,5443
18,122,400,1,1,5643
18,122,400,1,1,6526
45,75,600,1,1,7523
45,75,600,1,1,7679
21,6,500,1,1,11822
21,6,500,1,1,11891
21,6,600,1,1,10642
21,6,600,2,1,10895
21,47,600,1,1,8576
21,47,700,1,2,11012
9,8,600,3,1,7768
9,8,700,1,1,7152
9,8,700,2,1,7921
9,11,400,2,1,3897
9,11,400,3,1,5144
9,11,400,3,1,5905
9,11,500,1,1,3026
9,11,500,2,1,4059
9,59,500,3,1,7349
9,59,600,3,1,6652
9,73,500,3,1,7349
9,73,500,1,1,6346
9,73,600,3,1,7432
9,73,600,2,1,7000
9,73,600,1,1,6575
9,118,500,2,1,5667
9,151,400,3,1,6274
9,151,400,1,1,4905
9,151,500,1,1,4848
9,151,500,2,1,4916
9,151,500,1,1,4470
9,151,600,2,1,6141
9,151,600,1,1,5034
9,155,600,1,1,6454
9,158,600,1,1,6819
31,129,400,1,1,5821
31,129,400,1,1,5067
33,24,500,3,1,5407
33,24,500,2,1,5863
33,27,400,1,1,5117
33,27,400,2,1,6036
33,27,400,1,1,6110
33,98,400,1,1,7124
33,106,500,2,1,7644
33,119,400,2,1,5448
33,119,500,2,1,6517
33,119,500,2,1,5820
33,119,500,3,1,6548
33,121,500,2,1,6753
33,152,400,1,1,6193
33,153,500,2,1,7781
33,153,500,2,1,6604
36,123,600,1,1,5535
36,123,600,1,1,6128
36,123,600,2,1,6325
36,123,600,3,1,7227
36,123,600,3,1,7511
36,123,600,3,1,6652
36,123,600,1,1,6509
36,123,700,1,1,5711
36,123,700,1,1,6127
36,123,700,2,1,6126
36,123,700,2,1,6352
36,123,700,2,1,6460
36,124,600,2,2,6325
36,124,600,2,1,6325
36,124,600,1,1,6622
36,124,700,1,1,5768
36,124,700,1,1,5768
36,124,700,1,1,5845
36,124,700,1,1,6042
36,124,700,3,1,6229
36,124,700,3,1,6306
36,124,700,3,1,6306
36,124,700,2,1,6306
36,124,700,1,1,6519
36,124,700,3,1,6552
36,124,700,2,1,6660
36,124,700,2,1,6718
36,124,700,3,1,7460
36,126,500,3,1,7554
36,126,500,2,1,7552
36,130,500,2,1,8109
36,130,600,2,1,7154
36,130,600,2,1,7458
36,130,600,2,1,8094
36,130,700,1,1,7691
36,130,700,3,1,7814
36,130,700,1,1,7952
36,130,700,3,1,7998
46,33,700,2,1,9124
46,90,400,2,1,4448
41,35,500,1,1,8320
41,35,600,1,1,7854
41,66,400,1,1,4683
41,66,500,1,1,4397
41,88,500,1,1,5367
41,88,500,2,1,4502
41,88,600,2,1,4930
41,92,500,1,1,6297
41,92,500,1,1,7391
41,92,500,2,1,7845
41,92,600,1,1,6081
41,92,600,2,1,6723
41,92,600,2,1,6858
41,92,600,1,1,7128
41,114,500,1,1,5948
41,114,500,2,1,7472
41,125,600,2,1,5299
41,171,500,2,1,7948
14,77,600,1,1,9200
14,163,500,3,1,9339
14,163,600,1,1,8105
16,84,500,3,1,10854
39,10,400,1,1,5184
39,10,400,2,1,5557
39,10,400,1,1,5721
39,10,500,2,1,6201
39,10,500,2,1,6314
39,10,500,3,1,6494
39,10,500,2,1,6494
39,134,400,2,1,5774
20,41,500,1,1,5322
20,41,500,3,1,5976
20,41,500,3,1,6303
20,62,500,2,1,9846
20,62,500,2,1,9429
20,62,500,1,1,9727
20,62,500,1,1,9773
20,62,500,1,1,10302
20,62,600,3,1,8933
20,62,600,1,2,7336
20,62,700,1,1,8032
20,63,600,2,1,7396
20,64,600,3,1,9597
20,64,700,1,1,8844
20,64,700,2,1,9690
20,110,600,1,1,6757
20,165,400,1,2,5969
20,165,400,2,1,5969
20,165,500,3,1,6037
26,97,500,1,1,8593
26,97,600,2,1,7685
26,97,600,3,1,7843
26,166,600,3,1,9212
26,166,600,1,1,8301
26,166,600,1,1,8534
26,166,600,1,1,9504
26,166,600,1,1,9406
26,166,700,1,1,8613
26,166,700,1,1,9229
26,166,700,1,1,9921
28,42,400,1,1,6115
28,82,400,2,1,5450
28,82,500,1,1,5653
38,2,500,3,1,10322
38,2,500,1,1,10632
38,2,500,1,1,10839
38,2,500,3,1,10942
38,2,500,2,1,11355
38,2,600,2,1,10322
38,3,500,3,1,10075
38,3,600,2,1,9594
38,17,600,2,1,8994
38,17,600,3,1,9152
38,17,600,2,1,9227
38,17,700,1,1,8813
38,17,700,2,1,9690
38,26,600,2,1,7094
38,69,500,3,1,5367
38,69,500,3,1,6224
38,69,500,2,1,6287
38,69,500,2,1,6077
38,81,500,3,1,8746
38,81,500,2,1,8731
38,81,500,2,1,9011
38,81,500,1,1,8407
38,81,500,2,1,8736
38,81,500,1,1,9563
38,81,600,1,1,7566
38,81,600,1,1,7974
38,81,700,1,1,8574
38,104,400,1,2,6093
38,105,500,1,1,8680
38,105,600,2,1,8178
38,133,500,2,1,9706
38,133,700,2,1,10135
38,156,600,2,1,9016
38,156,600,2,1,9832
38,156,600,2,1,8726
42,168,500,2,1,6869
42,168,600,3,1,7626
42,168,600,2,1,7440
42,168,600,1,1,6861
42,168,700,1,1,7076
3,7,500,3,1,9207
3,28,600,3,1,8884
3,61,600,3,1,7729
3,89,500,3,1,9727
29,1,500,1,1,10173
29,1,500,3,1,11355
29,1,500,2,1,12759
29,1,600,3,1,10473
29,144,500,3,1,10977
29,144,500,2,1,8332
29,145,300,3,1,8870
29,148,500,2,1,9501
29,148,600,2,1,9137
29,149,700,3,1,10921
29,149,700,3,2,10998
1,87,400,1,1,8004
1,87,400,2,1,8398
1,87,500,3,1,7657
1,101,600,1,1,10642
1,101,600,2,1,10895
1,115,500,2,1,10498
1,115,500,2,1,10759
1,150,500,2,1,6043
32,94,500,1,1,9076
27,85,300,2,1,5921
27,85,300,2,1,6001
27,85,300,1,1,6334
27,85,400,2,1,7681
27,85,500,2,1,7489
27,85,600,1,1,7418
27,99,500,1,1,7059
27,103,600,1,1,9037
5,109,500,1,1,11334
5,109,500,2,1,11974
5,109,600,2,1,11378
5,109,600,2,1,11311
7,30,600,2,1,9765
13,147,500,1,1,5187
13,147,500,1,1,6079
13,147,500,1,1,6558
19,120,500,1,1,11929
22,15,600,3,1,7851
22,15,600,1,1,8066
22,68,600,3,1,7180
40,141,500,2,1,8717
40,141,600,2,1,8855
40,141,600,3,1,9251
40,141,700,2,1,9629
40,142,600,1,1,8428
40,142,700,1,1,7673
40,142,700,2,1,7318
43,57,500,1,1,9634
44,19,500,2,1,6539
44,19,500,3,1,6765
44,19,500,3,1,6877
44,19,500,1,1,6180
44,32,400,1,1,8412
44,32,500,1,1,6765
44,32,500,2,1,7162
44,74,500,2,1,11613
44,74,500,1,1,12077
44,74,600,2,1,10185
44,91,300,2,1,6429
44,91,400,3,1,7396
44,91,500,1,1,6636
44,91,500,1,1,6477
15,16,500,3,1,7816
15,107,500,1,1,7472
15,107,500,1,1,9166
15,107,600,1,1,8836
15,139,400,2,1,5541
15,139,400,2,1,5249
15,139,500,1,1,5187
15,160,400,2,1,11158
15,160,400,3,1,11238
15,160,400,3,1,11308
18,44,500,1,1,5565
18,44,500,2,1,6314
18,44,500,3,1,6990
18,53,600,2,1,8592
18,86,700,1,1,9521
18,86,700,1,1,9690
18,86,700,3,1,9875
18,86,700,3,1,10678
18,122,400,2,1,6362
18,122,400,2,1,5905
18,122,500,2,1,6513
25,45,500,3,1,8798
25,45,500,1,1,8097
45,75,600,2,1,8078
21,6,500,1,1,11590
21,6,500,2,1,12193
21,6,500,1,1,11355
21,6,600,1,1,11875
9,8,700,1,1,6998
9,8,700,2,1,7783
9,11,500,2,1,5921
9,59,500,3,1,6586
9,59,600,1,1,6871
9,73,600,3,1,6865
9,73,600,3,1,7937
9,151,400,3,1,4738
9,151,500,2,1,5006
9,154,500,1,1,7642
9,158,500,2,1,7123
33,24,400,1,1,5348
33,159,400,2,1,8997
36,123,500,1,1,5893
36,123,600,3,1,6219
36,123,600,3,1,6878
36,123,600,3,1,6081
36,123,600,3,1,6385
36,123,600,3,1,6959
36,123,600,2,1,5500
36,123,700,3,1,5659
36,123,700,1,1,6173
36,123,700,1,1,6768
36,123,700,2,1,6891
36,123,700,3,1,7014
36,124,600,1,1,5337
36,124,600,1,1,6226
36,124,600,2,1,6523
36,124,600,3,1,7017
36,124,700,1,1,5891
36,124,700,3,2,6152
36,124,700,3,1,6660
36,124,700,3,1,6737
36,124,700,3,1,6760
36,124,700,1,1,6891
36,130,600,3,1,7828
36,130,600,3,1,7910
36,130,600,2,1,7449
36,130,700,2,1,7767
36,132,600,3,1,6280
36,132,700,3,1,6261
46,90,400,1,1,5524
41,35,500,1,1,8129
41,35,600,1,1,6757
41,35,600,2,1,7601
41,88,600,3,1,4445
41,92,500,1,1,8129
41,92,500,1,1,6767
41,92,600,3,1,6782
41,92,600,1,1,7027
41,92,600,2,1,7922
41,92,600,2,1,8108
41,113,500,1,1,3920
41,114,600,2,1,6166
41,125,500,2,1,4172
41,125,500,1,1,4285
41,138,500,2,1,6478
14,100,700,3,1,9967
14,163,700,1,1,8375
16,84,500,3,1,9617
16,84,500,3,1,10271
16,84,500,3,1,10504
16,84,500,1,1,10147
16,84,600,3,1,10752
16,84,700,1,1,10822
16,84,700,3,1,9856
16,84,700,1,1,8453
16,84,700,1,1,10035
17,164,600,3,1,8963
35,80,600,1,1,8118
39,9,400,1,1,6738
39,9,500,1,1,6539
39,10,400,1,1,6566
39,10,400,1,1,6036
39,10,500,1,1,5009
39,10,500,2,1,5806
39,10,500,1,1,5976
39,10,500,3,1,7240
39,13,500,2,1,8344
39,13,500,3,1,9340
39,134,400,1,1,6115
20,41,500,2,1,4735
20,41,500,2,1,5150
20,41,500,2,1,5075
20,62,500,3,1,10224
20,62,500,3,1,10294
20,62,500,2,1,10168
20,62,700,2,1,9490
20,62,700,3,1,8882
20,62,700,3,1,9166
20,64,600,1,1,9191
20,64,600,3,1,9488
20,64,600,2,1,10041
20,64,700,1,1,8613
20,64,700,3,1,9736
20,110,500,3,1,7084
20,110,500,2,1,7386
20,110,600,1,1,5838
20,165,400,1,1,5358
20,165,400,2,1,4835
20,165,500,2,1,6955
26,5,600,1,1,6744
26,50,700,1,1,5708
26,96,400,1,1,6692
26,97,500,3,1,9415
26,97,600,1,1,7486
26,166,600,3,1,10408
26,166,700,2,1,10678
26,169,600,3,2,7575
28,42,400,2,1,5606
28,42,400,2,1,6823
28,42,500,2,1,6023
28,42,500,1,1,6697
28,108,500,2,1,5682
34,56,700,1,1,9506
38,2,500,2,1,10277
38,2,500,3,1,10715
38,2,500,2,1,11912
38,2,600,1,1,10661
38,3,500,2,1,9755
38,3,500,3,1,10173
38,3,500,3,1,9559
38,3,600,2,1,9101
38,3,600,2,1,9206
38,3,600,2,1,9493
38,17,600,2,1,9488
38,17,600,3,1,9587
38,17,700,1,1,8690
38,21,500,2,1,8169
38,21,600,3,1,8154
38,69,400,1,1,5917
38,69,400,2,1,6697
38,69,500,3,1,6483
38,69,500,1,1,5525
38,81,500,2,1,8731
38,81,700,1,1,7242
38,81,700,1,1,8299
38,133,500,3,1,8633
38,133,500,2,1,9034
38,133,500,2,1,8939
38,133,700,1,1,8824
38,137,400,2,1,4199
38,137,500,3,1,5105
38,156,600,3,1,8836
38,172,600,3,1,8865
42,168,500,3,2,7451
42,168,500,1,1,6166
42,168,500,2,1,7783
42,168,600,2,1,7514